id;nom;prenom;email;numtel;dateembauche
1;calculate schemas;Account modular Concrete;Azlie51@yahoo.fr;leading-edge;2022-08-24T23:02:11
2;Auvergne silver;Home;Athalie_Michel@gmail.com;alarm Switchable dot-com;2022-08-25T03:01:43
3;indigo Car;connecting a;Aurelle_Pierre56@gmail.com;Berkshire;2022-08-25T11:12:02
4;Music open-source;alarm;Mlisande_Robin76@yahoo.fr;Concrete Account;2022-08-25T10:35:36
5;ROI b Oman;lavender Plastic;Alliaume_Philippe@gmail.com;Automated Electronics;2022-08-24T18:12:02
6;initiatives invoice white;c microchip;lonore.Carpentier49@gmail.com;deliverables;2022-08-25T13:36:43
7;Checking a;24/7;Charlaine.Martin@yahoo.fr;Loan;2022-08-25T10:22:27
8;b;sensor;Suzon_David@gmail.com;architecture tch√®que;2022-08-24T16:05:16
9;De-engineered communities;payment;Antonine64@hotmail.fr;Bretagne;2022-08-25T03:49:38
10;GB;UIC-Franc Kroon c;Pacme43@gmail.com;c deposit;2022-08-25T13:30:39
