id;dateentretient;resultat;confirmationresponsable;confirmationsalarie
1;2022-08-24T18:37:22;Sports;b Hryvnia Games;copying Dobra bypassing
2;2022-08-25T08:50:26;pink;Gloves Bacon cohesive;Account
3;2022-08-24T14:48:10;override;Hat;Unbranded alarm Bacon
4;2022-08-24T17:51:12;Basse-Normandie;Tools USB Open-source;Developpeur Bretagne COM
5;2022-08-24T13:00:53;Table;time-frame;transmitter e-markets visualize
6;2022-08-25T02:58:31;Russie;Generic des;out-of-the-box mobile
7;2022-08-24T21:46:25;Ball olive;SCSI;improvement relationships Aquitaine
8;2022-08-25T01:09:47;Incredible seize reboot;Kids virtual Pre-emptive;Avon orchid Borders
9;2022-08-25T04:14:37;Plastic connect;synergize feed;Forint GB compressing
10;2022-08-24T19:43:34;du up toolset;Dollar;Rupiah
